[{"model": "admin_interface.theme", "pk": 1, "fields": {"name": "Django", "active": true, "title": "Django administration", "title_color": "#F5DD5D", "title_visible": true, "logo": "", "logo_color": "#FFFFFF", "logo_max_width": 400, "logo_max_height": 100, "logo_visible": true, "favicon": "", "env_name": "", "env_color": "#E74C3C", "env_visible_in_header": true, "env_visible_in_favicon": true, "language_chooser_active": true, "language_chooser_control": "default-select", "language_chooser_display": "code", "css_header_background_color": "#0C4B33", "css_header_text_color": "#44B78B", "css_header_link_color": "#FFFFFF", "css_header_link_hover_color": "#C9F0DD", "css_module_background_color": "#44B78B", "css_module_background_selected_color": "#FFFFCC", "css_module_text_color": "#FFFFFF", "css_module_link_color": "#FFFFFF", "css_module_link_selected_color": "#FFFFFF", "css_module_link_hover_color": "#C9F0DD", "css_module_rounded_corners": true, "css_generic_link_color": "#0C3C26", "css_generic_link_hover_color": "#156641", "css_generic_link_active_color": "#29B864", "css_save_button_background_color": "#0C4B33", "css_save_button_background_hover_color": "#0C3C26", "css_save_button_text_color": "#FFFFFF", "css_delete_button_background_color": "#BA2121", "css_delete_button_background_hover_color": "#A41515", "css_delete_button_text_color": "#FFFFFF", "related_modal_active": true, "related_modal_background_color": "#000000", "related_modal_background_opacity": "0.3", "related_modal_rounded_corners": true, "related_modal_close_button_visible": true, "list_filter_highlight": true, "list_filter_dropdown": true, "list_filter_sticky": true, "list_filter_removal_links": false, "foldable_apps": true, "show_fieldsets_as_tabs": false, "show_inlines_as_tabs": false, "collapsible_stacked_inlines": false, "collapsible_stacked_inlines_collapsed": true, "collapsible_tabular_inlines": false, "collapsible_tabular_inlines_collapsed": true, "recent_actions_visible": true, "form_submit_sticky": false, "form_pagination_sticky": false}}, {"model": "sessions.session", "pk": "7e3et5zzfawgqnn6ecb9uokmpm86vyl1", "fields": {"session_data": "eyJjYXJ0Ijp7IjUiOnsicXVhbnRpdHkiOjEsInByaWNlIjoiNjAwLjAwIn19fQ:1sDxut:U4zX_pAuj8_AbrWoVuYKMnt4VNMw4zMfa3Txzd_UHlY", "expire_date": "2024-06-17T02:59:23.412Z"}}, {"model": "sessions.session", "pk": "c8ny0yqtbr5m0m8d6xc8kp4gj7hn1ycm", "fields": {"session_data": "eyJjYXJ0Ijp7fX0:1s8eWE:sq1iqtMNcayHjPVWKtiaPNGd_9deBpCheaNZqSxdens", "expire_date": "2024-06-02T11:15:58.582Z"}}, {"model": "sessions.session", "pk": "dj5aqhu3kmxoa9vqzbjd8oo2uk2cdzr9", "fields": {"session_data": ".eJxVjMEOgyAQRP9lz4Yg4Ioee-83mIXFSttgi3hojP_emvTiZQ7z3swGnnKBfoPmiPdKqcTygR4reOXoA_SAUgopYd8rGGgt07AuIQ-Rf6iGU-fIP0I6AN8p3Wbh51RydOJQxJ8u4jpzeF7-7ulgomU61mRGJBecpsZaxY5Q4SiZRzLKKs1GNx12ErkzzISNtsitt1bXhtC2sH8BLhdFMw:1sH44G:lFRwAy8lF9cuaDcf7NRB-tHjWT1Og7Jl9ElY7CFh3Jk", "expire_date": "2024-06-25T16:09:52.607Z"}}, {"model": "sessions.session", "pk": "i6xgi5u2hk3oqhfry01v6ftymsrpb0nf", "fields": {"session_data": ".eJxVjMEOgyAQRP9lz4Yg4Ioee-83mIXFSttgi3hojP_emvTiZQ7z3swGnnKBfoPmiPdKqcTygb6u4JWjD9ADSimkhH2vYKC1TMO6hDxE_qEaTp0j_wjpAHyndJuFn1PJ0YlDEX-6iOvM4Xn5u6eDiZbpWJMZkVxwmhprFTtChaNkHskoqzQb3XTYSeTOMBM22iK33lpdG0Lbwv4FKlxFLg:1sFrnU:R0BXGXyBo9cz7_PxRENtQBHEausWZz0rtxaDzqCB_3s", "expire_date": "2024-06-22T08:51:36.406Z"}}, {"model": "sessions.session", "pk": "if2fv6rbh23c892otv5j356r1n9rulwo", "fields": {"session_data": ".eJx1zE0OgjAQBeC7zNo0pT9DYeneM5BppwhqQKEsDOHuQkI0LNzMYt733gyBhgTlDNl2XhN1qU1vKLMTPIc2RCjBSCmkhOUE5mjwZ_KvUX937NfYoyl-Bnezooqm1FTTGIeq5TXK4PDzFO6x2wK-UXftRei7NLRebETs6SguPcfHebeHgYbGZmuTqZF89Jqsc4o9ocJaMtdklFOajbYFFhK5MMyEVjvkPDinM0Poclg-w6ljrw:1s8eI9:tL6S1LBkMG81fIrzQff4XXBGconGRS0VU52-u4DBFhs", "expire_date": "2024-06-02T11:01:25.985Z"}}, {"model": "sessions.session", "pk": "jh5mkm9r0h6ilzkearw648rx4jv13d6p", "fields": {"session_data": "eyJjYXJ0Ijp7fX0:1sH4Ou:IAWJvOnqR-MG_AQjHlR4DM1o2anpGRZR8IAfvLqxQHE", "expire_date": "2024-06-25T16:31:12.700Z"}}, {"model": "sessions.session", "pk": "jhenm70wi7aotsge8m2il62bi8wie5c9", "fields": {"session_data": "eyJjYXJ0Ijp7fX0:1sFwJC:_m3SEXiiJpIPGbFPqYzMGhhjtIRMSKou6FbAr3x6nVM", "expire_date": "2024-06-22T13:40:38.818Z"}}, {"model": "sessions.session", "pk": "kv48t3q9u89phns25wsv41h0qunihkdj", "fields": {"session_data": "eyJjYXJ0Ijp7fX0:1sAo30:7xtUEO2h-Mk9XNuTBgdTIcWarvI42eklWTRRA-wcLts", "expire_date": "2024-06-08T09:50:42.656Z"}}, {"model": "sessions.session", "pk": "p6pn7tlep33vdr96zmlqilxcrxik54jp", "fields": {"session_data": "eyJjYXJ0Ijp7fX0:1s8uf6:Fn2lUDVbIHxDrNevngogklkAc5gQgv28F0KxkUItPNE", "expire_date": "2024-06-03T04:30:12.884Z"}}, {"model": "web.categoryoffer", "pk": 1, "fields": {"created": "2024-06-11T14:20:03.388Z", "updated": "2024-06-11T14:20:03.388Z", "creator": null, "image": "offers/Untitled_design_-_2024-06-11T194937.836.png", "category": 1, "title": "Buy More,Save More", "is_active": true}}, {"model": "web.shipping", "pk": 1, "fields": {"created": "2024-05-19T04:34:29.891Z", "updated": "2024-05-19T04:34:29.891Z", "creator": null, "is_active": true, "price": 40.0}}, {"model": "product.category", "pk": 1, "fields": {"created": "2024-05-19T04:23:17.737Z", "updated": "2024-05-19T04:23:17.737Z", "creator": 1, "is_active": true, "image": "category/jpeg-optimizer_1619441575_440943.jpeg", "name": "Football", "slug": "football"}}, {"model": "product.category", "pk": 2, "fields": {"created": "2024-06-10T03:54:28.656Z", "updated": "2024-06-10T03:54:28.656Z", "creator": 1, "is_active": true, "image": "category/08e47-16769204085745-1920.webp", "name": "Cricket", "slug": "cricket"}}, {"model": "product.subcategory", "pk": 1, "fields": {"created": "2024-05-19T04:24:05.168Z", "updated": "2024-05-19T04:24:05.168Z", "creator": 1, "is_active": true, "category": 1, "name": "Boots", "slug": "boots"}}, {"model": "product.subcategory", "pk": 2, "fields": {"created": "2024-06-10T03:56:02.212Z", "updated": "2024-06-10T03:56:02.212Z", "creator": 1, "is_active": true, "category": 2, "name": "Bat", "slug": "bat"}}, {"model": "product.product", "pk": 1, "fields": {"creator": 1, "subcategory": 1, "name": "ANZA SUPER COPA", "slug": "anza-super-copa", "image": "product/anza-bbot-1.jpg", "description": "<p>&bull; ⁠ light Weight<br>&bull; Flexible<br>&bull; All Kerala free shipping<br>&bull; ⁠All India Shipping available<br>&bull; ⁠check out catalog for price! !</p>", "created": "2024-05-19T04:27:25.365Z", "updated": "2024-05-19T10:10:45.846Z", "is_active": true, "is_top_selling": true, "is_popular": true, "is_new_arrival": true}}, {"model": "product.product", "pk": 2, "fields": {"creator": null, "subcategory": 1, "name": "ANZA FIRE", "slug": "anza-fire", "image": "product/Snapinsta.app_440346940_17991942743637609_8596154682169168044_n_1080.jpg", "description": "<p>&bull; ⁠ light Weight<br>&bull; Flexible<br>&bull; All Kerala free shipping<br>&bull; ⁠All India Shipping available<br>&bull; ⁠check out catalog for price! !</p>", "created": "2024-05-19T10:07:14.427Z", "updated": "2024-05-19T10:10:35.991Z", "is_active": true, "is_top_selling": true, "is_popular": true, "is_new_arrival": true}}, {"model": "product.product", "pk": 3, "fields": {"creator": null, "subcategory": 2, "name": "cricket bat", "slug": "cricket-bat", "image": "product/large_722768.webp", "description": "", "created": "2024-06-10T04:00:46.932Z", "updated": "2024-06-11T13:04:09.278Z", "is_active": true, "is_top_selling": true, "is_popular": true, "is_new_arrival": true}}, {"model": "product.product", "pk": 4, "fields": {"creator": null, "subcategory": 1, "name": "hhh", "slug": "hhh", "image": "product/efbd5ce5-8a29-4683-a616-e1ec32299b46.png", "description": "", "created": "2024-06-11T12:19:11.324Z", "updated": "2024-06-11T13:03:44.457Z", "is_active": true, "is_top_selling": true, "is_popular": true, "is_new_arrival": true}}, {"model": "product.product", "pk": 5, "fields": {"creator": null, "subcategory": 1, "name": "ee", "slug": "ee", "image": "product/zeydox.com_4.png", "description": "", "created": "2024-06-11T12:21:13.600Z", "updated": "2024-06-11T13:03:53.105Z", "is_active": true, "is_top_selling": true, "is_popular": true, "is_new_arrival": true}}, {"model": "product.product", "pk": 6, "fields": {"creator": null, "subcategory": 2, "name": "www", "slug": "www", "image": "product/zeydox.com_1.png", "description": "", "created": "2024-06-11T12:53:57.215Z", "updated": "2024-06-11T13:04:02.296Z", "is_active": true, "is_top_selling": true, "is_popular": true, "is_new_arrival": true}}, {"model": "product.productimage", "pk": 1, "fields": {"product": 1, "image": "products/anza-bbot-1.jpg"}}, {"model": "product.productimage", "pk": 2, "fields": {"product": 1, "image": "products/boot-2.jpg"}}, {"model": "product.productimage", "pk": 3, "fields": {"product": 1, "image": "products/boot-3.jpg"}}, {"model": "product.productimage", "pk": 4, "fields": {"product": 1, "image": "products/boot-4.jpg"}}, {"model": "product.productimage", "pk": 5, "fields": {"product": 1, "image": "products/boot-5.jpg"}}, {"model": "product.productimage", "pk": 6, "fields": {"product": 1, "image": "products/boot-6.jpg"}}, {"model": "product.productimage", "pk": 8, "fields": {"product": 2, "image": "products/Snapinsta.app_440346940_17991942743637609_8596154682169168044_n_1080.jpg"}}, {"model": "product.productimage", "pk": 9, "fields": {"product": 2, "image": "products/Snapinsta.app_441458520_17991942752637609_8870770965823265415_n_1080.jpg"}}, {"model": "product.productimage", "pk": 10, "fields": {"product": 2, "image": "products/Snapinsta.app_440470915_17991942779637609_4167670380422160149_n_1080.jpg"}}, {"model": "product.productimage", "pk": 11, "fields": {"product": 2, "image": "products/Snapinsta.app_436350951_17991942776637609_8196000378059175263_n_1080.jpg"}}, {"model": "product.productimage", "pk": 12, "fields": {"product": 2, "image": "products/Snapinsta.app_441209746_17991942788637609_8855192737237055684_n_1080.jpg"}}, {"model": "product.productimage", "pk": 13, "fields": {"product": 2, "image": "products/Snapinsta.app_441342994_17991942761637609_589585766213400100_n_1080.jpg"}}, {"model": "product.productimage", "pk": 14, "fields": {"product": 3, "image": "products/large_722768.webp"}}, {"model": "product.productimage", "pk": 15, "fields": {"product": 4, "image": "products/zeydox.com_4.png"}}, {"model": "product.productvariant", "pk": 1, "fields": {"product": 1, "title": "05", "price": "400.00", "old_price": "600.00"}}, {"model": "product.productvariant", "pk": 2, "fields": {"product": 1, "title": "06", "price": "500.00", "old_price": "700.00"}}, {"model": "product.productvariant", "pk": 3, "fields": {"product": 1, "title": "07", "price": "600.00", "old_price": "800.00"}}, {"model": "product.productvariant", "pk": 4, "fields": {"product": 1, "title": "08", "price": "700.00", "old_price": "900.00"}}, {"model": "product.productvariant", "pk": 5, "fields": {"product": 2, "title": "05", "price": "600.00", "old_price": "700.00"}}, {"model": "product.productvariant", "pk": 6, "fields": {"product": 2, "title": "06", "price": "700.00", "old_price": "800.00"}}, {"model": "product.productvariant", "pk": 7, "fields": {"product": 2, "title": "07", "price": "800.00", "old_price": "900.00"}}, {"model": "product.productvariant", "pk": 8, "fields": {"product": 2, "title": "08", "price": "900.00", "old_price": "1000.00"}}, {"model": "product.productvariant", "pk": 9, "fields": {"product": 2, "title": "09", "price": "1000.00", "old_price": "1199.99"}}, {"model": "product.productvariant", "pk": 10, "fields": {"product": 3, "title": "9ft x 6ft", "price": "100.00", "old_price": "2001.00"}}, {"model": "product.productvariant", "pk": 11, "fields": {"product": 4, "title": "9ft x 6ft", "price": "11.00", "old_price": "22.00"}}, {"model": "product.wishlist", "pk": 1, "fields": {"user": 1, "product": 2}}, {"model": "product.brand", "pk": 1, "fields": {"name": "Adidas", "slug": "adidas", "image": "brands/pngwing.com.png"}}, {"model": "product.dealoftheday", "pk": 1, "fields": {"product": 1, "days": 1}}, {"model": "product.dealoftheday", "pk": 3, "fields": {"product": 2, "days": 2}}, {"model": "accounts.user", "pk": 1, "fields": {"password": "pbkdf2_sha256$720000$wfyAKwwsI8M6aRu1bJnClS$hn8xLR20YbAgc3dV5HjdsOIKA/voHxz2K2rAiG78Dq0=", "last_login": "2024-06-11T12:18:27.838Z", "is_superuser": true, "username": "admin", "first_name": "", "last_name": "", "email": "", "is_staff": true, "is_active": true, "date_joined": "2024-05-19T03:58:17.613Z", "groups": [], "user_permissions": []}}, {"model": "order.order", "pk": 1, "fields": {"creator": null, "is_active": true, "unique_transaction_id": null, "razorpay_payment_id": null, "razorpay_order_id": "order_OCDtpQmKzcgqyK", "razorpay_signature": null, "created": "2024-05-19T04:38:29.466Z", "updated": "2024-05-19T04:38:30.649Z", "payable": "4640.00", "order_id": "240519057B96", "is_ordered": false, "completed_at": null, "payment_method": "OP", "user": 1, "full_name": "shabeeb", "address_line_1": "846 East Milton Court", "address_line_2": "Perspiciatis cillum", "state": "kerala", "district": "Malappuram", "city": "Kondotty", "pin_code": 555555, "mobile_no": "7593973478", "alternative_no": "+1 (304) 456-98", "email": "shabeebgedexo@gmail.com", "subtotal": "4640.00", "service_fee": "0.00", "shipping_fee": "40.00", "order_status": "Pending", "payment_status": "Pending"}}, {"model": "order.order", "pk": 2, "fields": {"creator": null, "is_active": true, "unique_transaction_id": null, "razorpay_payment_id": null, "razorpay_order_id": "order_OI8EiymeXTqFj4", "razorpay_signature": null, "created": "2024-06-03T03:00:06.164Z", "updated": "2024-06-03T03:00:08.402Z", "payable": "640.00", "order_id": "24060393E0E1", "is_ordered": false, "completed_at": null, "payment_method": "OP", "user": null, "full_name": "shabeeb", "address_line_1": "gedexo", "address_line_2": "Opp Hp petrol Pumb", "state": "kerala", "district": "Malappuram", "city": "kondotty", "pin_code": 676552, "mobile_no": "7593973478", "alternative_no": "+1 (304) 456-98", "email": "shabeebgedexo@gmail.com", "subtotal": "640.00", "service_fee": "0.00", "shipping_fee": "40.00", "order_status": "Pending", "payment_status": "Pending"}}, {"model": "order.orderitem", "pk": 1, "fields": {"order": 1, "product": 1, "price": "400.00", "quantity": 1}}, {"model": "order.orderitem", "pk": 2, "fields": {"order": 1, "product": 4, "price": "700.00", "quantity": 6}}, {"model": "order.orderitem", "pk": 3, "fields": {"order": 2, "product": 5, "price": "600.00", "quantity": 1}}]