[{"model": "admin_interface.theme", "pk": 1, "fields": {"name": "Django", "active": true, "title": "Django administration", "title_color": "#F5DD5D", "title_visible": true, "logo": "", "logo_color": "#FFFFFF", "logo_max_width": 400, "logo_max_height": 100, "logo_visible": true, "favicon": "", "env_name": "", "env_color": "#E74C3C", "env_visible_in_header": true, "env_visible_in_favicon": true, "language_chooser_active": true, "language_chooser_control": "default-select", "language_chooser_display": "code", "css_header_background_color": "#0C4B33", "css_header_text_color": "#44B78B", "css_header_link_color": "#FFFFFF", "css_header_link_hover_color": "#C9F0DD", "css_module_background_color": "#44B78B", "css_module_background_selected_color": "#FFFFCC", "css_module_text_color": "#FFFFFF", "css_module_link_color": "#FFFFFF", "css_module_link_selected_color": "#FFFFFF", "css_module_link_hover_color": "#C9F0DD", "css_module_rounded_corners": true, "css_generic_link_color": "#0C3C26", "css_generic_link_hover_color": "#156641", "css_generic_link_active_color": "#29B864", "css_save_button_background_color": "#0C4B33", "css_save_button_background_hover_color": "#0C3C26", "css_save_button_text_color": "#FFFFFF", "css_delete_button_background_color": "#BA2121", "css_delete_button_background_hover_color": "#A41515", "css_delete_button_text_color": "#FFFFFF", "related_modal_active": true, "related_modal_background_color": "#000000", "related_modal_background_opacity": "0.3", "related_modal_rounded_corners": true, "related_modal_close_button_visible": true, "list_filter_highlight": true, "list_filter_dropdown": true, "list_filter_sticky": true, "list_filter_removal_links": false, "foldable_apps": true, "show_fieldsets_as_tabs": false, "show_inlines_as_tabs": true, "collapsible_stacked_inlines": false, "collapsible_stacked_inlines_collapsed": true, "collapsible_tabular_inlines": false, "collapsible_tabular_inlines_collapsed": true, "recent_actions_visible": true, "form_submit_sticky": false, "form_pagination_sticky": false}}, {"model": "sessions.session", "pk": "7bx8tz2txbleg18z0oc66nbo124by82a", "fields": {"session_data": ".eJxVjEEOgyAQRe8y64Yo4Di47L5nMAOD1bbRBHBlvHtD4sbtf-_9AwKnAsNxPmDkvczjnmMaF4EBWrhtnsM3rhXIh9f3psK2lrR4VRV10axem8Tf83JvBzPnudZsJ2QfveGOSItn1Dg1IhNbTdqINZ1D16A4K8LYGULpA5FpLSP1cP4BSU07MA:1sJU2f:KamO9mXf4Cd1seshGBBz_rtv7BfWnd1iHzEDdT3Ce8c", "expire_date": "2024-07-02T08:18:13.850Z"}}, {"model": "sessions.session", "pk": "7e3et5zzfawgqnn6ecb9uokmpm86vyl1", "fields": {"session_data": "eyJjYXJ0Ijp7IjUiOnsicXVhbnRpdHkiOjEsInByaWNlIjoiNjAwLjAwIn19fQ:1sDxut:U4zX_pAuj8_AbrWoVuYKMnt4VNMw4zMfa3Txzd_UHlY", "expire_date": "2024-06-17T02:59:23.412Z"}}, {"model": "sessions.session", "pk": "7fmkzzaghrcwa05yc5iwd3o5kxr28r0e", "fields": {"session_data": "eyJjYXJ0Ijp7fX0:1sH4gg:jSGxDURI6BZoS7y_L-8VTIelPiGjokqs72ehuPva6Lk", "expire_date": "2024-06-25T16:49:34.609Z"}}, {"model": "sessions.session", "pk": "b4p5mikaz1stcx29ms46nu9e99t3thp5", "fields": {"session_data": ".eJx1zDEOgzAMBdC7eEZRQoIJjN17BuTEodBW0EIYKsTdSyQWBhYP_u__FTxNEeoVlEz3u9AQ-_iDWmXwmXofoN4jKaSELQOlrpE6THFJ8NjZUUNL7JplDlPTc2rD6efIv8KQAn7S8BiFH4c49U4kIo50FveRw_t22NNAR3OX2mRaJBecpsLanB1hjq1kbsnkNtdsdFFhJZErw0xYaItcemu1MoS2hO0PnKxZog:1sL2fU:PwKqplsqgCSCSAf2Uxe58OFvcTWGyjOguSbAmllRJoE", "expire_date": "2024-07-06T15:28:44.040Z"}}, {"model": "sessions.session", "pk": "c8ny0yqtbr5m0m8d6xc8kp4gj7hn1ycm", "fields": {"session_data": "eyJjYXJ0Ijp7fX0:1s8eWE:sq1iqtMNcayHjPVWKtiaPNGd_9deBpCheaNZqSxdens", "expire_date": "2024-06-02T11:15:58.582Z"}}, {"model": "sessions.session", "pk": "dj5aqhu3kmxoa9vqzbjd8oo2uk2cdzr9", "fields": {"session_data": ".eJxVjMEOgyAQRP9lz4Yg4Ioee-83mIXFSttgi3hojP_emvTiZQ7z3swGnnKBfoPmiPdKqcTygR4reOXoA_SAUgopYd8rGGgt07AuIQ-Rf6iGU-fIP0I6AN8p3Wbh51RydOJQxJ8u4jpzeF7-7ulgomU61mRGJBecpsZaxY5Q4SiZRzLKKs1GNx12ErkzzISNtsitt1bXhtC2sH8BLhdFMw:1sH44G:lFRwAy8lF9cuaDcf7NRB-tHjWT1Og7Jl9ElY7CFh3Jk", "expire_date": "2024-06-25T16:09:52.607Z"}}, {"model": "sessions.session", "pk": "ga1hbl847rwif5yudx6mio42kahmeh5e", "fields": {"session_data": "eyJjYXJ0Ijp7fX0:1sIKkX:Vthq1emaXNx6B8nzFLFryxhto7eoAVp93pWnc3cudtk", "expire_date": "2024-06-29T04:10:45.215Z"}}, {"model": "sessions.session", "pk": "h4g9wnl600khj0kihsbvxjec4nes7me9", "fields": {"session_data": "eyJjYXJ0Ijp7fX0:1sH4aN:9KHfVuuDph0QKKJ5SXKVA0-dVBqYujRNKhlLNkDAs6g", "expire_date": "2024-06-25T16:43:03.569Z"}}, {"model": "sessions.session", "pk": "i6xgi5u2hk3oqhfry01v6ftymsrpb0nf", "fields": {"session_data": ".eJxVjMEOgyAQRP9lz4Yg4Ioee-83mIXFSttgi3hojP_emvTiZQ7z3swGnnKBfoPmiPdKqcTygb6u4JWjD9ADSimkhH2vYKC1TMO6hDxE_qEaTp0j_wjpAHyndJuFn1PJ0YlDEX-6iOvM4Xn5u6eDiZbpWJMZkVxwmhprFTtChaNkHskoqzQb3XTYSeTOMBM22iK33lpdG0Lbwv4FKlxFLg:1sFrnU:R0BXGXyBo9cz7_PxRENtQBHEausWZz0rtxaDzqCB_3s", "expire_date": "2024-06-22T08:51:36.406Z"}}, {"model": "sessions.session", "pk": "if2fv6rbh23c892otv5j356r1n9rulwo", "fields": {"session_data": ".eJx1zE0OgjAQBeC7zNo0pT9DYeneM5BppwhqQKEsDOHuQkI0LNzMYt733gyBhgTlDNl2XhN1qU1vKLMTPIc2RCjBSCmkhOUE5mjwZ_KvUX937NfYoyl-Bnezooqm1FTTGIeq5TXK4PDzFO6x2wK-UXftRei7NLRebETs6SguPcfHebeHgYbGZmuTqZF89Jqsc4o9ocJaMtdklFOajbYFFhK5MMyEVjvkPDinM0Poclg-w6ljrw:1s8eI9:tL6S1LBkMG81fIrzQff4XXBGconGRS0VU52-u4DBFhs", "expire_date": "2024-06-02T11:01:25.985Z"}}, {"model": "sessions.session", "pk": "iobii2hpk6r57y2bcagyfc6rcmibg3ut", "fields": {"session_data": "eyJjYXJ0Ijp7fX0:1sIOex:cMLwUs04UU_M2Nvg2NKQ0G667RJMBW2xcTwmvEEag6c", "expire_date": "2024-06-29T08:21:15.914Z"}}, {"model": "sessions.session", "pk": "jeighyivahukg655bwhymwl3eqzrzjpc", "fields": {"session_data": ".eJyrVkpOLCpRsqpWMgcRhaWJeSWZJZVKVoY6SgVFmcmpSlZKFgYGegYGSrU6SoYGOBUZQhXV1gIAGXYYbA:1sKIqw:VK0gKI3VIWONTW1rb9Izer5cp8vIc9g0cJfyM1aj1ZU", "expire_date": "2024-07-04T14:33:30.594Z"}}, {"model": "sessions.session", "pk": "jh5mkm9r0h6ilzkearw648rx4jv13d6p", "fields": {"session_data": "eyJjYXJ0Ijp7fX0:1sH4Ou:IAWJvOnqR-MG_AQjHlR4DM1o2anpGRZR8IAfvLqxQHE", "expire_date": "2024-06-25T16:31:12.700Z"}}, {"model": "sessions.session", "pk": "jhenm70wi7aotsge8m2il62bi8wie5c9", "fields": {"session_data": "eyJjYXJ0Ijp7fX0:1sFwJC:_m3SEXiiJpIPGbFPqYzMGhhjtIRMSKou6FbAr3x6nVM", "expire_date": "2024-06-22T13:40:38.818Z"}}, {"model": "sessions.session", "pk": "kv48t3q9u89phns25wsv41h0qunihkdj", "fields": {"session_data": "eyJjYXJ0Ijp7fX0:1sAo30:7xtUEO2h-Mk9XNuTBgdTIcWarvI42eklWTRRA-wcLts", "expire_date": "2024-06-08T09:50:42.656Z"}}, {"model": "sessions.session", "pk": "lcd83jaasfe61zddzn5q4ryynfkpucxr", "fields": {"session_data": "eyJjYXJ0Ijp7fX0:1sPNml:qStMKNzzheK1Hxl_cQjLamkJcNifEkBQRrXYcTrFVWM", "expire_date": "2024-07-18T14:50:11.065Z"}}, {"model": "sessions.session", "pk": "p6pn7tlep33vdr96zmlqilxcrxik54jp", "fields": {"session_data": "eyJjYXJ0Ijp7fX0:1s8uf6:Fn2lUDVbIHxDrNevngogklkAc5gQgv28F0KxkUItPNE", "expire_date": "2024-06-03T04:30:12.884Z"}}, {"model": "sessions.session", "pk": "u0imrt71os1x9zttxy53t4mk9edp7x3i", "fields": {"session_data": "eyJjYXJ0Ijp7fX0:1sPNoX:ST-EpRQCFJ71BA_TlvfaHwWI5WTnb6P6PRjsEtSErEg", "expire_date": "2024-07-18T14:52:01.782Z"}}, {"model": "sessions.session", "pk": "wnxpwng6xchixienawlcim1is5rbe5wo", "fields": {"session_data": ".eJxVjEEOgyAQRe8y64Yo4Di47L5nMAOD1bbRBHBlvHtD4sbtf-_9AwKnAsNxPmDkvczjnmMaF4EBWrhtnsM3rhXIh9f3psK2lrR4VRV10axem8Tf83JvBzPnudZsJ2QfveGOSItn1Dg1IhNbTdqINZ1D16A4K8LYGULpA5FpLSP1cP4BSU07MA:1sPSAt:Awf3ndb4YKW18YTgZ4qRbotdKA4JRvFI8jqX5OrS8xk", "expire_date": "2024-07-18T19:31:23.871Z"}}, {"model": "web.categoryoffer", "pk": 1, "fields": {"created": "2024-06-11T14:20:03.388Z", "updated": "2024-06-11T14:20:03.388Z", "creator": null, "image": "offers/Untitled_design_-_2024-06-11T194937.836.png", "category": 1, "title": "Buy More,Save More", "is_active": true}}, {"model": "web.banner", "pk": 1, "fields": {"created": "2024-07-04T14:38:48.454Z", "updated": "2024-07-04T17:13:13.195Z", "creator": null, "is_active": true, "tag": "SeasonSale", "title": "Kick Off with Top Picks", "subtitle": "Best Gear Deals", "image": "banner/Frame_3_1.png", "sub_category": 1}}, {"model": "web.banner", "pk": 2, "fields": {"created": "2024-07-04T14:40:21.389Z", "updated": "2024-07-04T17:19:57.828Z", "creator": null, "is_active": true, "tag": "Weekend Special Offer", "title": "Score Big This Weekend!", "subtitle": "Pro Gear on Sale", "image": "banner/Untitled_3.png", "sub_category": 2}}, {"model": "web.shipping", "pk": 1, "fields": {"created": "2024-05-19T04:34:29.891Z", "updated": "2024-05-19T04:34:29.891Z", "creator": null, "is_active": true, "price": 40.0}}, {"model": "web.offerbanner", "pk": 1, "fields": {"created": "2024-07-04T18:18:45.030Z", "updated": "2024-07-04T18:29:05.098Z", "creator": null, "is_active": true, "category": 1, "image": "offers/Frame_1_8_1.png", "title": "20% Off All Boots!", "subtitle": "This Weekend Only"}}, {"model": "web.offerbanner", "pk": 2, "fields": {"created": "2024-07-04T18:22:09.035Z", "updated": "2024-07-04T18:22:09.035Z", "creator": null, "is_active": true, "category": 1, "image": "offers/Frame_1_7_1.png", "title": "Buy 1, Get 1 Free", "subtitle": "On Select Jerseys"}}, {"model": "product.category", "pk": 1, "fields": {"created": "2024-05-19T04:23:17.737Z", "updated": "2024-05-19T04:23:17.737Z", "creator": 1, "is_active": true, "image": "category/jpeg-optimizer_1619441575_440943.jpeg", "name": "Football", "slug": "football"}}, {"model": "product.category", "pk": 2, "fields": {"created": "2024-06-10T03:54:28.656Z", "updated": "2024-07-04T19:28:24.322Z", "creator": 1, "is_active": true, "image": "category/glo-removebg-preview.png", "name": "PRIMARY", "slug": "primary"}}, {"model": "product.subcategory", "pk": 1, "fields": {"created": "2024-05-19T04:24:05.168Z", "updated": "2024-05-19T04:24:05.168Z", "creator": 1, "is_active": true, "category": 1, "name": "Boots", "slug": "boots"}}, {"model": "product.subcategory", "pk": 2, "fields": {"created": "2024-06-10T03:56:02.212Z", "updated": "2024-06-10T03:56:02.212Z", "creator": 1, "is_active": true, "category": 2, "name": "Bat", "slug": "bat"}}, {"model": "product.product", "pk": 1, "fields": {"creator": 1, "subcategory": 1, "name": "ANZA SUPER COPA", "slug": "anza-super-copa", "image": "product/anza-bbot-1.jpg", "brand": 1, "description": "<p>&bull; ⁠ light Weight<br>&bull; Flexible<br>&bull; All Kerala free shipping<br>&bull; ⁠All India Shipping available<br>&bull; ⁠check out catalog for price! !</p>", "created": "2024-05-19T04:27:25.365Z", "updated": "2024-07-04T15:00:19.060Z", "is_active": true, "is_top_selling": true, "is_popular": true, "is_new_arrival": true}}, {"model": "product.product", "pk": 2, "fields": {"creator": null, "subcategory": 1, "name": "ANZA FIRE", "slug": "anza-fire", "image": "product/Snapinsta.app_440346940_17991942743637609_8596154682169168044_n_1080.jpg", "brand": 2, "description": "<p>&bull; ⁠ light Weight<br>&bull; Flexible<br>&bull; All Kerala free shipping<br>&bull; ⁠All India Shipping available<br>&bull; ⁠check out catalog for price! !</p>", "created": "2024-05-19T10:07:14.427Z", "updated": "2024-07-04T15:01:13.475Z", "is_active": true, "is_top_selling": true, "is_popular": true, "is_new_arrival": true}}, {"model": "product.product", "pk": 3, "fields": {"creator": null, "subcategory": 2, "name": "cricket bat", "slug": "cricket-bat", "image": "product/large_722768.webp", "brand": null, "description": "", "created": "2024-06-10T04:00:46.932Z", "updated": "2024-06-22T15:47:01.495Z", "is_active": true, "is_top_selling": true, "is_popular": true, "is_new_arrival": true}}, {"model": "product.productimage", "pk": 1, "fields": {"product": 1, "image": "products/anza-bbot-1.jpg"}}, {"model": "product.productimage", "pk": 2, "fields": {"product": 1, "image": "products/boot-2.jpg"}}, {"model": "product.productimage", "pk": 3, "fields": {"product": 1, "image": "products/boot-3.jpg"}}, {"model": "product.productimage", "pk": 4, "fields": {"product": 1, "image": "products/boot-4.jpg"}}, {"model": "product.productimage", "pk": 5, "fields": {"product": 1, "image": "products/boot-5.jpg"}}, {"model": "product.productimage", "pk": 6, "fields": {"product": 1, "image": "products/boot-6.jpg"}}, {"model": "product.productimage", "pk": 8, "fields": {"product": 2, "image": "products/Snapinsta.app_440346940_17991942743637609_8596154682169168044_n_1080.jpg"}}, {"model": "product.productimage", "pk": 9, "fields": {"product": 2, "image": "products/Snapinsta.app_441458520_17991942752637609_8870770965823265415_n_1080.jpg"}}, {"model": "product.productimage", "pk": 10, "fields": {"product": 2, "image": "products/Snapinsta.app_440470915_17991942779637609_4167670380422160149_n_1080.jpg"}}, {"model": "product.productimage", "pk": 11, "fields": {"product": 2, "image": "products/Snapinsta.app_436350951_17991942776637609_8196000378059175263_n_1080.jpg"}}, {"model": "product.productimage", "pk": 12, "fields": {"product": 2, "image": "products/Snapinsta.app_441209746_17991942788637609_8855192737237055684_n_1080.jpg"}}, {"model": "product.productimage", "pk": 13, "fields": {"product": 2, "image": "products/Snapinsta.app_441342994_17991942761637609_589585766213400100_n_1080.jpg"}}, {"model": "product.productimage", "pk": 14, "fields": {"product": 3, "image": "products/large_722768.webp"}}, {"model": "product.productimage", "pk": 16, "fields": {"product": 3, "image": "products/Untitled_design_-_2024-06-22T120350.632.png"}}, {"model": "product.productvariant", "pk": 1, "fields": {"product": 1, "title": "05", "price": "400.00", "old_price": "600.00"}}, {"model": "product.productvariant", "pk": 2, "fields": {"product": 1, "title": "06", "price": "500.00", "old_price": "700.00"}}, {"model": "product.productvariant", "pk": 3, "fields": {"product": 1, "title": "07", "price": "600.00", "old_price": "800.00"}}, {"model": "product.productvariant", "pk": 4, "fields": {"product": 1, "title": "08", "price": "700.00", "old_price": "900.00"}}, {"model": "product.productvariant", "pk": 5, "fields": {"product": 2, "title": "05", "price": "600.00", "old_price": "700.00"}}, {"model": "product.productvariant", "pk": 6, "fields": {"product": 2, "title": "06", "price": "700.00", "old_price": "800.00"}}, {"model": "product.productvariant", "pk": 7, "fields": {"product": 2, "title": "07", "price": "800.00", "old_price": "900.00"}}, {"model": "product.productvariant", "pk": 8, "fields": {"product": 2, "title": "08", "price": "900.00", "old_price": "1000.00"}}, {"model": "product.productvariant", "pk": 9, "fields": {"product": 2, "title": "09", "price": "1000.00", "old_price": "1199.99"}}, {"model": "product.productvariant", "pk": 10, "fields": {"product": 3, "title": "9ft x 6ft", "price": "100.00", "old_price": "2001.00"}}, {"model": "product.wishlist", "pk": 1, "fields": {"user": 1, "product": 2}}, {"model": "product.brand", "pk": 1, "fields": {"name": "Adidas", "slug": "adidas", "image": "brands/pngwing.com.png"}}, {"model": "product.brand", "pk": 2, "fields": {"name": "nike", "slug": "nike", "image": "brands/images_2.png"}}, {"model": "product.dealoftheday", "pk": 1, "fields": {"product": 1, "end_time": "2024-07-17T16:45:12Z", "is_offer_end": false}}, {"model": "product.dealoftheday", "pk": 3, "fields": {"product": 2, "end_time": "2024-07-30T16:40:43Z", "is_offer_end": false}}, {"model": "accounts.user", "pk": 1, "fields": {"password": "pbkdf2_sha256$720000$wfyAKwwsI8M6aRu1bJnClS$hn8xLR20YbAgc3dV5HjdsOIKA/voHxz2K2rAiG78Dq0=", "last_login": "2024-07-04T14:29:22.945Z", "is_superuser": true, "username": "admin", "first_name": "", "last_name": "", "email": "", "is_staff": true, "is_active": true, "date_joined": "2024-05-19T03:58:17.613Z", "groups": [], "user_permissions": []}}, {"model": "order.order", "pk": 1, "fields": {"creator": null, "is_active": true, "unique_transaction_id": null, "razorpay_payment_id": null, "razorpay_order_id": "order_OCDtpQmKzcgqyK", "razorpay_signature": null, "created": "2024-05-19T04:38:29.466Z", "updated": "2024-05-19T04:38:30.649Z", "payable": "4640.00", "order_id": "240519057B96", "is_ordered": false, "completed_at": null, "payment_method": "OP", "user": 1, "full_name": "shabeeb", "address_line_1": "846 East Milton Court", "address_line_2": "Perspiciatis cillum", "state": "kerala", "district": "Malappuram", "city": "Kondotty", "pin_code": 555555, "mobile_no": "7593973478", "alternative_no": "+1 (304) 456-98", "email": "shabeebgedexo@gmail.com", "subtotal": "4640.00", "service_fee": "0.00", "shipping_fee": "40.00", "order_status": "Pending", "payment_status": "Pending"}}, {"model": "order.order", "pk": 2, "fields": {"creator": null, "is_active": true, "unique_transaction_id": null, "razorpay_payment_id": null, "razorpay_order_id": "order_OI8EiymeXTqFj4", "razorpay_signature": null, "created": "2024-06-03T03:00:06.164Z", "updated": "2024-06-03T03:00:08.402Z", "payable": "640.00", "order_id": "24060393E0E1", "is_ordered": false, "completed_at": null, "payment_method": "OP", "user": null, "full_name": "shabeeb", "address_line_1": "gedexo", "address_line_2": "Opp Hp petrol Pumb", "state": "kerala", "district": "Malappuram", "city": "kondotty", "pin_code": 676552, "mobile_no": "7593973478", "alternative_no": "+1 (304) 456-98", "email": "shabeebgedexo@gmail.com", "subtotal": "640.00", "service_fee": "0.00", "shipping_fee": "40.00", "order_status": "Pending", "payment_status": "Pending"}}, {"model": "order.orderitem", "pk": 1, "fields": {"order": 1, "product": 1, "price": "400.00", "quantity": 1}}, {"model": "order.orderitem", "pk": 2, "fields": {"order": 1, "product": 4, "price": "700.00", "quantity": 6}}, {"model": "order.orderitem", "pk": 3, "fields": {"order": 2, "product": 5, "price": "600.00", "quantity": 1}}]